setting,seed,vote_acc,mean_individual_acc,best_individual_acc,mean_vote_margin,vote_tie_rate,oracle_acc,aggregation_gap,mean_invalid_rate,mean_boundary_useful_diversity,mean_embedding_diversity
shared_baseline,42,0.432,0.456,0.48,-0.088,0.0,0.568,0.13599999999999995,0.0016,0.0,0.033904136562347406
shared_baseline,43,0.48,0.464,0.488,-0.07200000000000001,0.0,0.544,0.06400000000000006,0.0,0.0,0.03568230047225953
shared_baseline,44,0.48,0.4688,0.472,-0.0624,0.0,0.544,0.06400000000000006,0.0,0.0,0.03367229337692261
shared_scalar_tcs_vote_first,42,0.712,0.6816,0.736,0.3648,0.008,0.856,0.14400000000000002,0.0016,0.002666666666666667,0.07038337264060973
shared_scalar_tcs_vote_first,43,0.568,0.5616,0.592,0.12480000000000001,0.0,0.744,0.17600000000000005,0.0032,0.0,0.0693210298538208
shared_scalar_tcs_vote_first,44,0.672,0.6384,0.696,0.2768,0.0,0.816,0.1439999999999999,0.0,0.0,0.05544974308013917
shared_guarded_diversity_tcs_vote_first,42,0.768,0.72,0.744,0.44000000000000006,0.0,0.88,0.11199999999999999,0.0016,0.0,0.06394114174842835
shared_guarded_diversity_tcs_vote_first,43,0.568,0.5664,0.664,0.136,0.008,0.84,0.272,0.0,0.002666666666666667,0.08335193920135499
shared_guarded_diversity_tcs_vote_first,44,0.584,0.5792,0.648,0.1616,0.008,0.776,0.19200000000000006,0.0016,0.002666666666666667,0.05819008617401124
