setting,vote_acc_mean,vote_acc_std,mean_individual_acc_mean,mean_individual_acc_std,best_individual_acc_mean,best_individual_acc_std,mean_vote_margin_mean,mean_vote_margin_std,vote_tie_rate_mean,vote_tie_rate_std,oracle_acc_mean,oracle_acc_std,aggregation_gap_mean,aggregation_gap_std,mean_invalid_rate_mean,mean_invalid_rate_std,mean_boundary_useful_diversity_mean,mean_boundary_useful_diversity_std,mean_embedding_diversity_mean,mean_embedding_diversity_std
shared_baseline,0.46399999999999997,0.027712812921102028,0.46293333333333336,0.0064663230149237996,0.48,0.008000000000000007,-0.07413333333333333,0.012932646029847615,0.0,0.0,0.552,0.013856406460550967,0.08800000000000002,0.041569219381653,0.0005333333333333334,0.0009237604307034013,0.0,0.0,0.03441957680384318,0.0010996777313109093
shared_scalar_tcs_vote_first,0.6506666666666666,0.07433258594542057,0.6272,0.06077894372231225,0.6746666666666666,0.07433258594542055,0.2554666666666667,0.12141389267021024,0.0026666666666666666,0.004618802153517006,0.8053333333333333,0.056756791076780694,0.15466666666666665,0.018475208614068074,0.0016,0.0016,0.000888888888888889,0.0015396007178390023,0.0650513818581899,0.008332211199152735
shared_guarded_diversity_tcs_vote_first,0.64,0.11113955191559848,0.6218666666666667,0.0852265999165362,0.6853333333333333,0.05143280405862907,0.24586666666666668,0.16861095259007744,0.005333333333333333,0.004618802153517006,0.832,0.05245950819441599,0.19200000000000003,0.08000000000000002,0.0010666666666666667,0.0009237604307034013,0.001777777777777778,0.0015396007178390023,0.06849438904126486,0.01318441343498846
