{
  "valid_mixed_minus_same_family_div": {
    "paired_question_count": 329,
    "mean_delta": 0.09001282663709195,
    "ci_low": 0.0664774321735079,
    "ci_high": 0.11462769607684428,
    "wilcoxon_z": 6.86942448617691,
    "wilcoxon_p_approx": 6.4461428537080575e-12
  },
  "valid_mixed_minus_same_homogeneity": {
    "paired_question_count": 329,
    "mean_delta": -0.12132955268132153,
    "ci_low": -0.15272527881611836,
    "ci_high": -0.08955468935735578,
    "wilcoxon_z": -7.412810492338114,
    "wilcoxon_p_approx": 1.2365051978265733e-13
  },
  "valid_mixed_minus_same_major_div": {
    "paired_question_count": 329,
    "mean_delta": 0.17547086823273061,
    "ci_low": 0.13246957638987142,
    "ci_high": 0.21999033127251275,
    "wilcoxon_z": 7.298653188513698,
    "wilcoxon_p_approx": 2.9066245023315103e-13
  },
  "valid_run_rows": {
    "P3_mixed_strategy_deepseek_chat_seed42": {
      "run_name": "P3_mixed_strategy_deepseek_chat_seed42",
      "model": "deepseek-chat",
      "probe_kind": "mixed",
      "questions": 100,
      "valid_questions": 100,
      "valid_question_rate": 1.0,
      "bad_questions": 0,
      "all_family_div": 0.5564244627003532,
      "all_homogeneity": 0.4744781397336192,
      "all_major_div": 0.7583530768247491,
      "all_vote_acc": 0.91,
      "valid_family_div": 0.5564244627003532,
      "valid_homogeneity": 0.4744781397336192,
      "valid_major_div": 0.7583530768247491,
      "valid_vote_acc": 0.91,
      "valid_target_exact": 0.274,
      "valid_target_same_major": 0.376
    },
    "P3_mixed_strategy_gemini_flash_lite_seed42": {
      "run_name": "P3_mixed_strategy_gemini_flash_lite_seed42",
      "model": "gemini-2.5-flash-lite",
      "probe_kind": "mixed",
      "questions": 100,
      "valid_questions": 99,
      "valid_question_rate": 0.99,
      "bad_questions": 1,
      "all_family_div": 0.45331902409459196,
      "all_homogeneity": 0.7588204184346397,
      "all_major_div": 0.39272041587295337,
      "all_vote_acc": 0.81,
      "valid_family_div": 0.45463392313199413,
      "valid_homogeneity": 0.7574814397284761,
      "valid_major_div": 0.39015912675264436,
      "valid_vote_acc": 0.8080808080808081,
      "valid_target_exact": 0.06868686868686869,
      "valid_target_same_major": 0.25252525252525254
    },
    "P3_mixed_strategy_gpt4omini_seed42": {
      "run_name": "P3_mixed_strategy_gpt4omini_seed42",
      "model": "gpt-4o-mini",
      "probe_kind": "mixed",
      "questions": 100,
      "valid_questions": 100,
      "valid_question_rate": 1.0,
      "bad_questions": 0,
      "all_family_div": 0.4806921039499946,
      "all_homogeneity": 0.7156540320002425,
      "all_major_div": 0.42428848227085003,
      "all_vote_acc": 0.86,
      "valid_family_div": 0.4806921039499946,
      "valid_homogeneity": 0.7156540320002425,
      "valid_major_div": 0.42428848227085003,
      "valid_vote_acc": 0.86,
      "valid_target_exact": 0.136,
      "valid_target_same_major": 0.266
    },
    "P3_mixed_strategy_qwen25_7b_seed42": {
      "run_name": "P3_mixed_strategy_qwen25_7b_seed42",
      "model": "qwen2.5-7b-instruct",
      "probe_kind": "mixed",
      "questions": 100,
      "valid_questions": 81,
      "valid_question_rate": 0.81,
      "bad_questions": 19,
      "all_family_div": 0.6280853242015603,
      "all_homogeneity": 0.4536270908339111,
      "all_major_div": 0.7302385704285904,
      "all_vote_acc": 0.77,
      "valid_family_div": 0.6223989750558117,
      "valid_homogeneity": 0.46010434093757935,
      "valid_major_div": 0.7361593424724133,
      "valid_vote_acc": 0.7654320987654321,
      "valid_target_exact": 0.29876543209876544,
      "valid_target_same_major": 0.4074074074074074
    },
    "P3_same_elimination_deepseek_chat_seed42": {
      "run_name": "P3_same_elimination_deepseek_chat_seed42",
      "model": "deepseek-chat",
      "probe_kind": "same",
      "questions": 100,
      "valid_questions": 100,
      "valid_question_rate": 1.0,
      "bad_questions": 0,
      "all_family_div": 0.45631548818745815,
      "all_homogeneity": 0.6625448973516107,
      "all_major_div": 0.502300504821553,
      "all_vote_acc": 0.93,
      "valid_family_div": 0.45631548818745815,
      "valid_homogeneity": 0.6625448973516107,
      "valid_major_div": 0.502300504821553,
      "valid_vote_acc": 0.93,
      "valid_target_exact": 0.524,
      "valid_target_same_major": 0.572
    },
    "P3_same_elimination_gemini_flash_lite_seed42": {
      "run_name": "P3_same_elimination_gemini_flash_lite_seed42",
      "model": "gemini-2.5-flash-lite",
      "probe_kind": "same",
      "questions": 100,
      "valid_questions": 100,
      "valid_question_rate": 1.0,
      "bad_questions": 0,
      "all_family_div": 0.4123573621452577,
      "all_homogeneity": 0.8057508227122606,
      "all_major_div": 0.3162100459628758,
      "all_vote_acc": 0.79,
      "valid_family_div": 0.4123573621452577,
      "valid_homogeneity": 0.8057508227122606,
      "valid_major_div": 0.3162100459628758,
      "valid_vote_acc": 0.79,
      "valid_target_exact": 0.734,
      "valid_target_same_major": 0.78
    },
    "P3_same_elimination_gpt4omini_seed42": {
      "run_name": "P3_same_elimination_gpt4omini_seed42",
      "model": "gpt-4o-mini",
      "probe_kind": "same",
      "questions": 100,
      "valid_questions": 100,
      "valid_question_rate": 1.0,
      "bad_questions": 0,
      "all_family_div": 0.33950399092616845,
      "all_homogeneity": 0.8565864371931109,
      "all_major_div": 0.2155741311689409,
      "all_vote_acc": 0.86,
      "valid_family_div": 0.33950399092616845,
      "valid_homogeneity": 0.8565864371931109,
      "valid_major_div": 0.2155741311689409,
      "valid_vote_acc": 0.86,
      "valid_target_exact": 0.808,
      "valid_target_same_major": 0.832
    },
    "P3_same_elimination_qwen25_7b_seed42": {
      "run_name": "P3_same_elimination_qwen25_7b_seed42",
      "model": "qwen2.5-7b-instruct",
      "probe_kind": "same",
      "questions": 100,
      "valid_questions": 31,
      "valid_question_rate": 0.31,
      "bad_questions": 69,
      "all_family_div": 0.49530447603354855,
      "all_homogeneity": 0.6912544921419976,
      "all_major_div": 0.2933056806194986,
      "all_vote_acc": 0.76,
      "valid_family_div": 0.5538110482093581,
      "valid_homogeneity": 0.6095253922913658,
      "valid_major_div": 0.5313474650594017,
      "valid_vote_acc": 0.6774193548387096,
      "valid_target_exact": 0.4967741935483871,
      "valid_target_same_major": 0.5806451612903226
    }
  }
}