auc_predict_gpt_score_ge_2,auc_predict_gpt_score_ge_3,delta_gpt_ci_high,delta_gpt_ci_low,delta_gpt_mean,high_gpt_ge_2_rate,high_score_distribution,low_gpt_ge_2_rate,low_score_distribution,mean_gpt_high_metric,mean_gpt_low_metric,mean_high_metric,mean_low_metric,mean_metric,metric,n,spearman_n,spearman_rho,top_k
0.9600699504517634,0.8935185185185185,1.5,1.0,1.25,0.95,"{""1"": 1, ""2"": 13, ""3"": 6}",0.0,"{""1"": 20}",2.25,1.0,0.33338947475663017,0.0034494517466247044,0.11986953681023627,trace_embedding_div,120,120,0.7801436638895546,20
0.9731856601573885,0.9012345679012346,1.6,1.2,1.4,1.0,"{""2"": 12, ""3"": 8}",0.0,"{""1"": 20}",2.4,1.0,0.6557433458598376,0.016684811374786945,0.25813825847814137,trace_token_div,120,120,0.8015197751869402,20
0.5419702710580006,0.4618055555555556,0.5,0.1,0.3,0.3,"{""1"": 14, ""2"": 6}",0.0,"{""1"": 20}",1.3,1.0,0.9282039018097775,0.0,0.44809542217798015,family_div,120,120,0.05340512192144171,20
0.41809967939376275,0.36651234567901236,-0.2,-0.9,-0.55,0.2,"{""1"": 16, ""2"": 4}",0.6,"{""1"": 8, ""2"": 9, ""3"": 3}",1.2,1.75,0.980571777012446,0.0,0.3784350255796192,major_div,120,120,-0.16770087465138311,20
