{
  "input_rows": 120,
  "top_bottom_k": 20,
  "metrics": [
    {
      "metric": "trace_embedding_div",
      "metric_key": "trace_embedding_cosine_diversity",
      "n": 120,
      "top_k": 20,
      "spearman_vs_gpt_score": {
        "n": 120,
        "rho": 0.7801436638895546
      },
      "auc_predict_gpt_score_ge_2": 0.9600699504517634,
      "auc_predict_gpt_score_ge_3": 0.8935185185185185,
      "mean_metric": 0.11986953681023627,
      "mean_high_metric": 0.33338947475663017,
      "mean_low_metric": 0.0034494517466247044,
      "mean_gpt_high_metric": 2.25,
      "mean_gpt_low_metric": 1.0,
      "high_minus_low_gpt_score_ci": {
        "n": 20,
        "mean": 1.25,
        "ci_low": 1.0,
        "ci_high": 1.5
      },
      "high_gpt_ge_2_rate": 0.95,
      "low_gpt_ge_2_rate": 0.0,
      "high_score_distribution": {
        "2": 13,
        "3": 6,
        "1": 1
      },
      "low_score_distribution": {
        "1": 20
      },
      "high_ids": [
        "P7G0001",
        "P7G0015",
        "P7G0021",
        "P7G0025",
        "P7G0026",
        "P7G0052",
        "P7G0055",
        "P7G0059",
        "P7G0066",
        "P7G0068",
        "P7G0070",
        "P7G0074",
        "P7G0080",
        "P7G0085",
        "P7G0104",
        "P7G0107",
        "P7G0111",
        "P7G0113",
        "P7G0118",
        "P7G0119"
      ],
      "low_ids": [
        "P7G0006",
        "P7G0014",
        "P7G0029",
        "P7G0031",
        "P7G0036",
        "P7G0038",
        "P7G0040",
        "P7G0044",
        "P7G0047",
        "P7G0051",
        "P7G0063",
        "P7G0065",
        "P7G0071",
        "P7G0084",
        "P7G0095",
        "P7G0100",
        "P7G0101",
        "P7G0114",
        "P7G0115",
        "P7G0116"
      ]
    },
    {
      "metric": "trace_token_div",
      "metric_key": "trace_token_cosine_diversity",
      "n": 120,
      "top_k": 20,
      "spearman_vs_gpt_score": {
        "n": 120,
        "rho": 0.8015197751869402
      },
      "auc_predict_gpt_score_ge_2": 0.9731856601573885,
      "auc_predict_gpt_score_ge_3": 0.9012345679012346,
      "mean_metric": 0.25813825847814137,
      "mean_high_metric": 0.6557433458598376,
      "mean_low_metric": 0.016684811374786945,
      "mean_gpt_high_metric": 2.4,
      "mean_gpt_low_metric": 1.0,
      "high_minus_low_gpt_score_ci": {
        "n": 20,
        "mean": 1.4,
        "ci_low": 1.2,
        "ci_high": 1.6
      },
      "high_gpt_ge_2_rate": 1.0,
      "low_gpt_ge_2_rate": 0.0,
      "high_score_distribution": {
        "2": 12,
        "3": 8
      },
      "low_score_distribution": {
        "1": 20
      },
      "high_ids": [
        "P7G0001",
        "P7G0015",
        "P7G0021",
        "P7G0023",
        "P7G0025",
        "P7G0026",
        "P7G0030",
        "P7G0052",
        "P7G0054",
        "P7G0059",
        "P7G0066",
        "P7G0068",
        "P7G0070",
        "P7G0080",
        "P7G0092",
        "P7G0104",
        "P7G0110",
        "P7G0111",
        "P7G0113",
        "P7G0117"
      ],
      "low_ids": [
        "P7G0014",
        "P7G0022",
        "P7G0024",
        "P7G0029",
        "P7G0031",
        "P7G0038",
        "P7G0044",
        "P7G0046",
        "P7G0047",
        "P7G0051",
        "P7G0057",
        "P7G0065",
        "P7G0071",
        "P7G0079",
        "P7G0084",
        "P7G0095",
        "P7G0097",
        "P7G0100",
        "P7G0101",
        "P7G0115"
      ]
    },
    {
      "metric": "family_div",
      "metric_key": "team_family_diversity",
      "n": 120,
      "top_k": 20,
      "spearman_vs_gpt_score": {
        "n": 120,
        "rho": 0.05340512192144171
      },
      "auc_predict_gpt_score_ge_2": 0.5419702710580006,
      "auc_predict_gpt_score_ge_3": 0.4618055555555556,
      "mean_metric": 0.44809542217798015,
      "mean_high_metric": 0.9282039018097775,
      "mean_low_metric": 0.0,
      "mean_gpt_high_metric": 1.3,
      "mean_gpt_low_metric": 1.0,
      "high_minus_low_gpt_score_ci": {
        "n": 20,
        "mean": 0.3,
        "ci_low": 0.1,
        "ci_high": 0.5
      },
      "high_gpt_ge_2_rate": 0.3,
      "low_gpt_ge_2_rate": 0.0,
      "high_score_distribution": {
        "1": 14,
        "2": 6
      },
      "low_score_distribution": {
        "1": 20
      },
      "high_ids": [
        "P7G0011",
        "P7G0019",
        "P7G0032",
        "P7G0033",
        "P7G0034",
        "P7G0041",
        "P7G0042",
        "P7G0048",
        "P7G0053",
        "P7G0056",
        "P7G0058",
        "P7G0064",
        "P7G0069",
        "P7G0072",
        "P7G0073",
        "P7G0075",
        "P7G0082",
        "P7G0088",
        "P7G0090",
        "P7G0105"
      ],
      "low_ids": [
        "P7G0006",
        "P7G0012",
        "P7G0014",
        "P7G0016",
        "P7G0020",
        "P7G0022",
        "P7G0027",
        "P7G0028",
        "P7G0031",
        "P7G0035",
        "P7G0036",
        "P7G0037",
        "P7G0039",
        "P7G0043",
        "P7G0045",
        "P7G0046",
        "P7G0061",
        "P7G0062",
        "P7G0065",
        "P7G0067"
      ]
    },
    {
      "metric": "major_div",
      "metric_key": "team_major_family_diversity",
      "n": 120,
      "top_k": 20,
      "spearman_vs_gpt_score": {
        "n": 120,
        "rho": -0.16770087465138311
      },
      "auc_predict_gpt_score_ge_2": 0.41809967939376275,
      "auc_predict_gpt_score_ge_3": 0.36651234567901236,
      "mean_metric": 0.3784350255796192,
      "mean_high_metric": 0.980571777012446,
      "mean_low_metric": 0.0,
      "mean_gpt_high_metric": 1.2,
      "mean_gpt_low_metric": 1.75,
      "high_minus_low_gpt_score_ci": {
        "n": 20,
        "mean": -0.55,
        "ci_low": -0.9,
        "ci_high": -0.2
      },
      "high_gpt_ge_2_rate": 0.2,
      "low_gpt_ge_2_rate": 0.6,
      "high_score_distribution": {
        "2": 4,
        "1": 16
      },
      "low_score_distribution": {
        "2": 9,
        "1": 8,
        "3": 3
      },
      "high_ids": [
        "P7G0019",
        "P7G0033",
        "P7G0034",
        "P7G0041",
        "P7G0042",
        "P7G0048",
        "P7G0050",
        "P7G0053",
        "P7G0056",
        "P7G0058",
        "P7G0064",
        "P7G0072",
        "P7G0073",
        "P7G0075",
        "P7G0079",
        "P7G0089",
        "P7G0090",
        "P7G0091",
        "P7G0097",
        "P7G0103"
      ],
      "low_ids": [
        "P7G0001",
        "P7G0002",
        "P7G0003",
        "P7G0005",
        "P7G0006",
        "P7G0007",
        "P7G0008",
        "P7G0009",
        "P7G0012",
        "P7G0013",
        "P7G0014",
        "P7G0016",
        "P7G0018",
        "P7G0020",
        "P7G0022",
        "P7G0025",
        "P7G0026",
        "P7G0027",
        "P7G0028",
        "P7G0030"
      ]
    }
  ],
  "overlaps": [
    {
      "left_metric": "trace_embedding_div",
      "right_metric": "trace_token_div",
      "side": "high",
      "left_n": 20,
      "right_n": 20,
      "overlap_n": 14,
      "jaccard": 0.5384615384615384
    },
    {
      "left_metric": "trace_embedding_div",
      "right_metric": "trace_token_div",
      "side": "low",
      "left_n": 20,
      "right_n": 20,
      "overlap_n": 14,
      "jaccard": 0.5384615384615384
    },
    {
      "left_metric": "family_div",
      "right_metric": "trace_embedding_div",
      "side": "high",
      "left_n": 20,
      "right_n": 20,
      "overlap_n": 0,
      "jaccard": 0.0
    },
    {
      "left_metric": "family_div",
      "right_metric": "trace_embedding_div",
      "side": "low",
      "left_n": 20,
      "right_n": 20,
      "overlap_n": 5,
      "jaccard": 0.14285714285714285
    },
    {
      "left_metric": "family_div",
      "right_metric": "trace_token_div",
      "side": "high",
      "left_n": 20,
      "right_n": 20,
      "overlap_n": 0,
      "jaccard": 0.0
    },
    {
      "left_metric": "family_div",
      "right_metric": "trace_token_div",