{
  "selected_epoch": 3,
  "best_validation_score": 0.7534109023809432,
  "test": {
    "size": 125,
    "num_test_samples": 125,
    "vote_acc": 0.624,
    "plurality_vote_acc": 0.624,
    "majority_vote_acc": 0.624,
    "weighted_vote_acc": 0.624,
    "mean_individual_acc": 0.6128,
    "best_individual_acc": 0.72,
    "per_agent_acc": [
      0.616,
      0.528,
      0.6,
      0.72,
      0.6
    ],
    "min_individual_acc": 0.528,
    "bottom2_mean_acc": 0.5640000000000001,
    "bottom3_mean_acc": 0.5760000000000001,
    "max_individual_acc": 0.72,
    "individual_acc_std": 0.06167787285566841,
    "best_minus_worst_gap": 0.19199999999999995,
    "best_minus_bottom2_gap": 0.15599999999999992,
    "minority_rescue_count_per_agent": [
      3,
      6,
      8,
      15,
      5
    ],
    "unique_correct_count_per_agent": [
      2,
      0,
      2,
      7,
      2
    ],
    "minority_rescue_share_per_agent": [
      0.08108108108108109,
      0.16216216216216217,
      0.21621621621621623,
      0.40540540540540543,
      0.13513513513513514
    ],
    "max_minority_rescue_share": 0.40540540540540543,
    "minority_rescue_hhi": 0.26223520818115414,
    "oracle_acc": 0.824,
    "all_wrong_rate": 0.17600000000000005,
    "aggregation_gap": 0.19999999999999996,
    "oracle_minus_plurality_vote": 0.19999999999999996,
    "rescue_available_rate": 0.2,
    "correct_disagreement_rate": 0.48,
    "mean_useful_diversity": 0.04918980612754822,
    "mean_vote_margin": 0.2256,
    "mean_plurality_margin_votes": 1.128,
    "mean_normalized_plurality_margin": 0.2256,
    "strict_plurality_win_rate": 0.624,
    "plurality_top_tie_rate": 0.0,
    "plurality_pivotal_fix_opportunity_rate": 0.0576,
    "plurality_pivotal_fix_rate": 0.0192,
    "plurality_pivotal_hold_rate": 0.0192,
    "mean_boundary_useful_diversity": 0.0,
    "aggregation_mode": "plurality",
    "requested_aggregation_mode": "plurality",
    "effective_aggregation_mode": "plurality",
    "plurality_boundary_version": "plurality_boundary_v1",
    "vote_tie_rate": 0.0,
    "mean_embedding_diversity": 0.06859575638771057,
    "mean_embedding_overlap": 0.9314042436122894,
    "mean_invalid_rate": 0.008,
    "mean_pairwise_double_fault": 0.2744000000000001,
    "mean_pairwise_error_covariance": 0.1254272,
    "same_wrong_pair_rate": 0.2744,
    "triple_joint_error_rate": 0.376,
    "majority_failure_tail_rate": 0.376,
    "coverage_depth_c1": 0.824,
    "coverage_depth_c2": 0.72,
    "coverage_depth_c3": 0.624,
    "coverage_depth_c4": 0.552,
    "coverage_depth_c5": 0.344,
    "correct_agent_count_0": 22,
    "correct_agent_count_1": 13,
    "correct_agent_count_2": 12,
    "correct_agent_count_3": 9,
    "correct_agent_count_4": 26,
    "correct_agent_count_5": 43,
    "c1_minus_c2": 0.104,
    "c2_minus_c3": 0.096,
    "c2_minus_plurality_vote": 0.09599999999999997,
    "c3_minus_plurality_vote": 0.0,
    "specialization_strength_final": 0.0,
    "mean_specialization_strength": 0.0,
    "first_nonzero_specialization_epoch": null,
    "effective_specialization_epoch_count": 0,
    "max_specialization_strength": 0.0,
    "progressive_stage_exercised": false,
    "progressive_stage_not_exercised_reason": "never_activated",
    "depth1_guard_rejection_count": 0,
    "catastrophic_accuracy_guard_rejection_count": 61,
    "soft_error_dependence_penalty_count": 0,
    "soft_cycle_penalty_count": 0,
    "soft_mechanism_shift_penalty_count": 0,
    "exploration_candidate_count": 0,
    "exploration_slot_occupancy_rate": 0.0,
    "exploration_to_active_conversion_count": 0,
    "prompt_overlength_rejection_count": 0,
    "truncated_prompt_count": 0,
    "mean_boundary_conditional_error": 0.7071428571428571,
    "mean_pivotal_fix_rate": 0.0,
    "mean_pivotal_hold_rate": 0.3300970873786408,
    "shared_error_rescue_rate": 0.2928571428571428,
    "shared_error_creation_rate": 0.7071428571428571,
    "boundary_shared_error_net_gain": -0.7678571428571427,
    "dominant_wrong_cluster_size": 1.936,
    "gold_vs_largest_wrong_margin": 0.2256,
    "oracle_correct_count": 103,
    "vote_correct_count": 78,
    "oracle_vote_gap_count": 25,
    "oracle_to_vote_conversion_rate": 0.7572815533980582,
    "c0_count": 22,
    "c1_count": 13,
    "c2_count": 12,
    "c3plus_count": 78,
    "c1_vote_correct_count": 0,
    "c1_vote_fail_count": 13,
    "c2_vote_correct_count": 0,
    "c2_vote_fail_count": 12,
    "c3plus_vote_fail_count": 0,
    "gold_top_tie_count": 0,
    "gold_top_tie_win_count": 0,
    "gold_top_tie_loss_count": 0,
    "mean_gold_plurality_margin": 1.128,
    "mean_gold_margin_on_oracle_vote_gap": -2.04,
    "mean_max_wrong_vote_on_oracle_vote_gap": 3.52,
    "dominant_wrong_concentration": 1.0,
    "vote_normalization_anomaly_count": 0,
    "vote_normalization_anomaly_question_hashes": [],
    "method_version": "v8_rollout_qd_vote_ready",
    "mechanism_diversity_enabled": false,
    "mechanism_metadata_required": false,
    "mechanism_distance_used_for_selection": false,
    "mechanism_based_decision_count": 0,
    "capability_labeling_enabled": false,
    "capability_profile_per_agent": null,
    "top_capability_family_per_agent": null,
    "prompt_text_diversity_used": false,
    "rollout_embedding_diversity": 0.1796650381096603,
    "correct_set_rollout_distance": 0.31800657750740324,
    "useful_wrong_answer_dispersion": 0.0,
    "rollout_signature_count": 12,
    "duplicate_rollout_signature_count": 3,
    "joint_team_solver_call_count": 0,
    "legacy_beam_refresh_call_count": 0,
    "candidate_channel_funnel": {
      "teacher_critic_student": {
        "generation_call_count": 108,
        "raw_candidate_count": 108,
        "schema_valid_candidate_count": 101,
        "prescreen_pass_count": 101,
        "evaluated_candidate_count": 101,
        "safe_count": 68,
        "probation_count": 0,
        "catastrophic_count": 33,
        "archive_retained_count": 27,
        "representative_selected_count": 9,
        "active_selected_count": 3
      },
      "open_rollout_exploration": {
        "generation_call_count": 108,
        "raw_candidate_count": 108,
        "schema_valid_candidate_count": 86,
        "prescreen_pass_count": 86,
        "evaluated_candidate_count": 86,
        "safe_count": 60,
        "probation_count": 0,
        "catastrophic_count": 26,
        "archive_retained_count": 38,
        "representative_selected_count": 14,
        "active_selected_count": 9
      },
      "open_mechanism_exploration": {
        "generation_call_count": 0,
        "raw_candidate_count": 0,
        "schema_valid_candidate_count": 0,
        "prescreen_pass_count": 0,
        "evaluated_candidate_count": 0,
        "safe_count": 0,
        "probation_count": 0,
        "catastrophic_count": 0,
        "archive_retained_count": 0,
        "representative_selected_count": 0,
        "active_selected_count": 0
      },
      "incumbent": {
        "generation_call_count": 0,
        "raw_candidate_count": 0,
        "schema_valid_candidate_count": 0,
        "prescreen_pass_count": 40,
        "evaluated_candidate_count": 40,
        "safe_count": 30,
        "probation_count": 0,
        "catastrophic_count": 10,
        "archive_retained_count": 16,
        "representative_selected_count": 10,
        "active_selected_count": 1
      },
      "other": {
        "generation_call_count": 0,
        "raw_candidate_count": 0,
        "schema_valid_candidate_count": 0,
        "prescreen_pass_count": 0,
        "evaluated_candidate_count": 0,
        "safe_count": 0,
        "probation_count": 0,
        "catastrophic_count": 0,
        "archive_retained_count": 0,
        "representative_selected_count": 0,
        "active_selected_count": 0
      }
    },
    "active_candidate_source_by_agent": {
      "0": "open_rollout_exploration",
      "1": "existing_beam",
      "2": "teacher_critic_student",
      "3": "teacher_critic_student",
      "4": "open_rollout_exploration"
    }
  },