{
  "matched_count": 80,
  "mean_gpt_method_diversity_score": 1.5125,
  "strategy_tree_vs_gpt_spearman": {
    "n": 80,
    "rho": 0.007524885396454644
  },
  "major_tree_vs_gpt_spearman": {
    "n": 80,
    "rho": -0.05918618202233607
  },
  "trace_text_vs_gpt_spearman": {
    "n": 80,
    "rho": 0.6828601421715488
  },
  "trace_embedding_vs_gpt_spearman": {
    "n": 80,
    "rho": 0.6721797871519902
  },
  "bucket_means": {
    "high_strategy": {
      "n": 20,
      "team_family_diversity": 0.7445010701525816,
      "team_major_family_diversity": 0.8697159905470475,
      "trace_embedding_cosine_diversity": 0.1369931213914493,
      "trace_token_cosine_diversity": 0.39862088803441786,
      "gpt_method_diversity_score": 1.8
    },
    "high_text_low_strategy": {
      "n": 20,
      "team_family_diversity": 0.29623144948668323,
      "team_major_family_diversity": 0.032473239263395674,
      "trace_embedding_cosine_diversity": 0.2057561650897398,
      "trace_token_cosine_diversity": 0.5217034247767535,
      "gpt_method_diversity_score": 1.8
    },
    "low_strategy": {
      "n": 20,
      "team_family_diversity": 0.26227900493960077,
      "team_major_family_diversity": 0.07219280948873628,
      "trace_embedding_cosine_diversity": 0.08699536656934923,
      "trace_token_cosine_diversity": 0.21157888796989158,
      "gpt_method_diversity_score": 1.25
    },
    "low_text_high_strategy": {
      "n": 20,
      "team_family_diversity": 0.6877850381631514,
      "team_major_family_diversity": 0.7972641455272649,
      "trace_embedding_cosine_diversity": 0.027784028831414072,
      "trace_token_cosine_diversity": 0.06716012802201218,
      "gpt_method_diversity_score": 1.2
    }
  },
  "high_strategy_minus_low_strategy_gpt_score_ci": {
    "n": 40,
    "mean": -0.025,
    "ci_low": -0.3,
    "ci_high": 0.275
  },
  "mean_high_strategy_gpt_score": 1.5,
  "mean_low_strategy_gpt_score": 1.525
}