{
  "paired_mixed_minus_same_family_diversity": {
    "metric": "team_family_diversity",
    "matched_models": "deepseek-chat,gemini-2.5-flash-lite,gpt-4o-mini,qwen2.5-7b-instruct",
    "paired_question_count": 400,
    "mean_delta": 0.027740950507423277,
    "ci_low": 0.0043753411076163685,
    "ci_high": 0.050690144681300585,
    "wilcoxon_z": 1.60409917081703,
    "wilcoxon_p_approx": 0.10869219464757932
  },
  "paired_mixed_minus_same_homogeneity": {
    "metric": "team_family_homogeneity_rate",
    "matched_models": "deepseek-chat,gemini-2.5-flash-lite,gpt-4o-mini,qwen2.5-7b-instruct",
    "paired_question_count": 400,
    "mean_delta": -0.03991020426764097,
    "ci_low": -0.06480099240028286,
    "ci_high": -0.014166101186305884,
    "wilcoxon_z": -2.6129080972546346,
    "wilcoxon_p_approx": 0.00897754395764797
  },
  "paired_mixed_minus_same_major_diversity": {
    "metric": "team_major_family_diversity",
    "matched_models": "deepseek-chat,gemini-2.5-flash-lite,gpt-4o-mini,qwen2.5-7b-instruct",
    "paired_question_count": 400,
    "mean_delta": 0.04343757895569195,
    "ci_low": 0.004695689233102633,
    "ci_high": 0.08171724423791515,
    "wilcoxon_z": 2.2066151669565257,
    "wilcoxon_p_approx": 0.02734095644033648
  },
  "model_identity_check": {
    "strategy_effect_major_disagreement": 0.05300000000000001,
    "model_identity_effect_major_disagreement": 0.268,
    "strategy_gt_model_identity": 0
  },
  "family_vs_major_disagreement_spearman": {
    "n": 12,
    "rho": 0.8251748251748252
  }
}